Cable Chest Press$,Set both pulleys slightly above shoulder height and select the desired weight. Grasp both handles with a slightly pronated grip and take a step forward to split the stance.Press the handles slightly down to lockout while flexing the pecs and extending the elbows.Slowly lower back to the starting position and repeat for the desired number of repetitions.$,,,,,,,,,,,,,,,,,,,,,,,,,,,,,,,,,,,,,,,,,,,,,,,,,,,,,
Tall Kneeling Medicine Ball Chest Pass$,"Setup in a tall kneeling position while holding a medicine ball at your chest with a soft bend in your knees. Exhale, press the arms to extension, and aggressively launch the med ball into the wall directly in front of you. Catch the med ball as it returns from the wall and repeat step #2 for the desired number of repetitions.$",,,,,,,,,,,,,,,,,,,,,,,,,,,,,,,,,,,,,,,,,,,,,,,,,,,,,
Decline Bench Knee Raise$,"The decline bench knee raise is a good exercise to hit your lower abs. Grab a decline bench and set the angle to around 30 to 45 degrees. Lay on the bench backwards, with your head the highest end. Hold onto the pads above your head for stability. With your feet and knees together, point your legs out straight so your body forms a straight plank. Your legs should not be resting on the bench. This is the starting position for the exercise. Execute by slowly pulling your knees up towards your chest as high as possible. Pause, then slowly lower back to the starting position. Repeat for desired reps.$",,,,,,,,,,,,,,,,,,,,,,,,,,,,,,,,,,,,,,,,,,,,,,,,,,,,,
Exercise Ball Plank$,Grab an exercise ball. Interlace your fingers and place your forearms on the top of the ball. Extend your legs out so that only your toes are touching the floor. Straighten your body out. Hold this position for as long as possible. Repeat for desired reps.$,,,,,,,,,,,,,,,,,,,,,,,,,,,,,,,,,,,,,,,,,,,,,,,,,,,,,
Plank to Hip Raise$,Assume a kneeling position with your elbows resting slightly above your head on the floor. Extend each leg and maintain a hip width stance. Push your elbows into the floor and pike your hips. Lower your hips back to the starting position and repeat for the desired number of repetitions.$,,,,,,,,,,,,,,,,,,,,,,,,,,,,,,,,,,,,,,,,,,,,,,,,,,,,,
Twisting Floor Crunch$,"The twisting floor crunch works the abs and obliques. Position a mat on the floor and lie down on the mat flat on your back. Pull your left leg up until your knee joint is at around 90 degrees. Now take your right leg and rest your ankle on your left knee.Now take your right leg and rest your ankle on your left knee.Now take your right leg and rest your ankle on your left knee. Start the exercise by touching the side of your head with your fingertips and raising your shoulder blades slightly off the mat. Crunch up, bringing your left elbow up to your right knee. Slowly lower back to starting position without letting your shoulder blades touch the floor. Repeat set for the opposite side of the body.$",,,,,,,,,,,,,,,,,,,,,,,,,,,,,,,,,,,,,,,,,,,,,,,,,,,,,
Standing Stomach Vacuum$,"In a standing position, place your hands overhead or on your sides and exhale all of the air from your lungs. Once you’ve completely exhaled, think about trying to draw your belly button to your spine. Hold for the desired amount of time and then repeat for assigned number of repetitions.$",,,,,,,,,,,,,,,,,,,,,,,,,,,,,,,,,,,,,,,,,,,,,,,,,,,,,
Twisting Cable Crunch$,"The twisting cable crunch is designed to work your obliques and abs. Attach the rope attachment to a high pulley cable and set the appropriate weight on the stack. Stand directly in front of the cable machine, facing away from it. Grasp the rope from behind your head with your palms facing inward and drop to your knees. Your buttocks should be resting on top of your feet. Keeping your elbows bent and hands at either head height or shoulder height, crunch down in a twisting motion so that you're bringing your right elbow down towards your left knee. Pause, then slowly lower yourself back to the starting position. Repeat the movement, but this time bring your left elbow down to your right knee.$",,,,,,,,,,,,,,,,,,,,,,,,,,,,,,,,,,,,,,,,,,,,,,,,,,,,,
Kettlebell Windmills$,"Assume a standing position with a kettlebell in between your legs. Grasp the handle and clean the bell into position at shoulder level. Press overhead, assume a wider than shoulder width stance, and turn both toes to 45 degrees. Slowly allow the hips to dip and get close to touching the floor. Return back to the starting position and repeat for the desired number of repetitions on both sides.$",,,,,,,,,,,,,,,,,,,,,,,,,,,,,,,,,,,,,,,,,,,,,,,,,,,,,
Wide Stance Cable Anti-Rotation$,Assume an athletic position with your feet much wider than shoulder width and attach a rope to a cable stack at chest height. Keep the arms locked out and rotate at the shoulders to bring the rope across your body. Slowly return to the starting position and repeat for the desired number of repetitions on both sides.$,,,,,,,,,,,,,,,,,,,,,,,,,,,,,,,,,,,,,,,,,,,,,,,,,,,,,
Plank$,"The Plank is a stationary exercise that helps strengthen the entire core of the body. Set up for the plank by getting a mat and laying down on your stomach. To start the exercise prop your torso up on your elbows and your feet up on your toes. Keeping yourself completely straight, hold this position for as long as possible. Typically, the plank is done for 3 x 1 minute sets. However, as you get stronger your should be able to do 1 - 3 minutes.$",,,,,,,,,,,,,,,,,,,,,,,,,,,,,,,,,,,,,,,,,,,,,,,,,,,,,
Upper Body Band Resistance Dead Bug$,"Attach a band to a rack and set up in a supine position with your legs in a 90/90 position (90 degree bend at the hips and knees) and your arms reaching towards the ceiling. While keeping the arms straight, pull the band down to activate the lats. Extend one leg as you exhale. Return back to the starting position and repeat on the opposite side. Repeat for the desired number of total repetitions. $",,,,,,,,,,,,,,,,,,,,,,,,,,,,,,,,,,,,,,,,,,,,,,,,,,,,,
One Leg Lying Cable Knee Raise$,"To set up for a one leg lying cable knee raise, get a flat bench and place it length ways about 3 feet in front of a low pulley cable machine. Attach ankle straps to the pulley and set the desired weight. Face the cable machine and place the ankle strap around one of your ankles. Sit on the bench facing the cable machine with your buttocks at the end of the bench. Lay back on the bench, grasping the other end of the bench above your head for support. Pull the knee up slightly to take the weight off the stack. Slowly pull your knee up as high as you can. Pause, then slowly lower back to the starting position. Do not let the weight touch the stack at all during the set.$",,,,,,,,,,,,,,,,,,,,,,,,,,,,,,,,,,,,,,,,,,,,,,,,,,,,,
Decline Sit Up$,"Set the decline bench to an angle of between 30 and 45 degrees (the more than angle, the harder the situps will be). Sit on the bench with your legs resting through the pads. Cross your arms across your chest and lean back until your back almost touches the bench. Raise yourself back up until your upper body is vertical, then lower again. $",,,,,,,,,,,,,,,,,,,,,,,,,,,,,,,,,,,,,,,,,,,,,,,,,,,,,
Roman Chair Twisting Knee Raise$,"The Roman Chair Twisting Knee Raise hits your lower abs and obliques. Set up for the exercise by positioning yourself in the Roman chair. Your forearms should be along the horizontal pads, hands gripping the handles, and back against the back pad. Take your feet off the supports so they're hanging. This is the start position of the exercise. Slowly raise your knees up and across your body as far as possible to the left side. Pause, then lower back to starting position. Repeat that movement for your right side. That is one repetition.  Repeat for your desired reps. $",,,,,,,,,,,,,,,,,,,,,,,,,,,,,,,,,,,,,,,,,,,,,,,,,,,,,
Reverse Crunch to Dead Bug$,Setup in a supine position with your legs in a 90/90 position (90 degree bend at the hips and knees) and your arms overhead holding onto a kettlebell. Drive the knees towards the chest and exhale as you complete the reverse crunch. Return to the starting position and extend the opposite arm and leg simultaneously as you exhale. Repeat steps #2 and #3 for the desired number of total repetitions.$,,,,,,,,,,,,,,,,,,,,,,,,,,,,,,,,,,,,,,,,,,,,,,,,,,,,,
Glute Bridge Pallof Press$,"Assume a supine position and attach a handle to a cable stack at chest height. Hold the handle at your chest and bridge your hips to extension. Bridge your hips to an extended position, hold the handle to your chest and allow the knees to remain bent with the feet flat. Press the handle vertically to extension as you exhale. Return to the starting position and repeat for the desired number of repetitions on both sides.$",,,,,,,,,,,,,,,,,,,,,,,,,,,,,,,,,,,,,,,,,,,,,,,,,,,,,
Decline Abdominal Reach$,"Set a decline bench at a height of between 30 and 45 degrees. The higher you set the bench the more challenging the exercise will be. Position yourself on the bench with your head at the lowest end. Get into the starting position by putting your hands together pointing at the ceiling and raising your shoulder blades slightly off the bench. Keeping your hands together, reach straight up towards the ceiling as far as possible. Pause, then lower yourself back to the starting position (with your shoulder blades off the bench).$",,,,,,,,,,,,,,,,,,,,,,,,,,,,,,,,,,,,,,,,,,,,,,,,,,,,,
Exercise Ball Hip Roll$,"Set up for the exercise ball hip roll by placing a mat on the floor and placing the exercise ball at one end. Lay down on your back on the mat and put your legs over the top of the exercise ball. Your calves should be on top of the ball. For stability, put your arms out flat on the floor with your palms facing down. This is the starting position for the exercise.  Using your core muscles, roll the exercise ball over to the left as far as possible. Repeat this movement for the right side. This is one rep, repeat for desired reps.$",,,,,,,,,,,,,,,,,,,,,,,,,,,,,,,,,,,,,,,,,,,,,,,,,,,,,
Medicine Ball Rollouts $,Assume a tall kneeling (both knees down) stance with your palms facing and your hands resting on a medicine ball. Push the medicine ball forward with your arms extended until your arms are fully overhead. Brace your abs and pull yourself back to the starting position. Repeat for the desired number of repetitions.$,,,,,,,,,,,,,,,,,,,,,,,,,,,,,,,,,,,,,,,,,,,,,,,,,,,,,
Banded Alphabet$,"Attach a band to a stable object at roughly chest height. Grasp the band with an overlapping grip and assume an athletic position with your feet slightly wider than shoulder width apart. Press the band horizontally to extension and begin by drawing each letter of the alphabet in a slow, controlled fashion. Once you have completed the desired number of letters, repeat on the opposite side.$",,,,,,,,,,,,,,,,,,,,,,,,,,,,,,,,,,,,,,,,,,,,,,,,,,,,,
Frog Sit Up$,"Lay supine in a relaxed position with your arms crossed, feet together, legs open, and knees pushed outwards. Exhale and squeeze your abs as you raise your upper back off the floor. Once your abs are fully contracted, slowly lower yourself back to the starting position and complete for the assigned number of repetitions.$",,,,,,,,,,,,,,,,,,,,,,,,,,,,,,,,,,,,,,,,,,,,,,,,,,,,,
Seated Dumbbell Side Bends$,"This exercise works the obliques. Grasp a set of dumbbells. Sit down on a the end of a flat bench with one dumbbell in each hand, palms facing in and hanging by your side. Keep your feet firmly on the floor with a shoulder width stance. Keeping your back straight and your eyes facing forwards, bend down to the right as far as you can, then back up again. Without pausing at the top, bend down to the left. Repeat for desired reps.$",,,,,,,,,,,,,,,,,,,,,,,,,,,,,,,,,,,,,,,,,,,,,,,,,,,,,
Decline Cable Knee Raise$ ,"The decline knee raise hits the lower abs. Set up the equipment by placing a decline bench in front of a low pulley cable machine. Place the low end of the decline bench closest to the cables. Attach the ankle strap to the low pulley cable and select the desired weight. Attach the ankle straps to your ankles. Lay down on the decline bench with your head up the high end and grip the pads at the top of the bench for support. Pull your knees up slightly to take the weight off the stack. Slowly pull your knees up as high as possible. Pause, then slowly lower back down to starting position. Don't let the weight drop to the stack throughout the entire set!$",,,,,,,,,,,,,,,,,,,,,,,,,,,,,,,,,,,,,,,,,,,,,,,,,,,,,
Standing Push-Pull$,Attach a handle to a cable stack on both sides and position at chest height. Assume an athletic position with your feet slightly wider than shoulder width and grasp each handle. Position yourself so that one arm is extended and the other is flexed close to your chest ready to press horizontally. Exhale and press one handle to extension while simultaneously rowing the other handle and limiting rotation of your hips. Slowly lower back to the starting position and repeat in the opposite direction for the desired number of repetitions.$,,,,,,,,,,,,,,,,,,,,,,,,,,,,,,,,,,,,,,,,,,,,,,,,,,,,,
Decline Bench Leg Raise$,"The decline bench leg raise is a good exercise to hit your lower abs. Grab a decline bench and set the angle to around 30 to 45 degrees. Lay on the bench backwards, with your head the highest end. Hold onto the pads above your head for stability. With your feet and knees together, point your legs out straight so your body forms a straight plank. Your legs should not be resting on the bench. This is the starting position for the exercise. Keeping your legs straight, knees and feet together and rotating at the hips only, bring your feet up as far as possible. Don't pause at the top of the exercise, as this counts as a rest! Lower your legs back to the starting position and then repeat for desired reps.$",,,,,,,,,,,,,,,,,,,,,,,,,,,,,,,,,,,,,,,,,,,,,,,,,,,,,
Alternate Straight Leg Lower$,"Setup in a supine position with your legs straight, hips flexed, and arms by your sides. Slowly lower one leg as you exhale and maintain the position of hip flexion on the other side. Return back to the starting position and repeat on the opposite side. Repeat for the desired number of total repetitions.$",,,,,,,,,,,,,,,,,,,,,,,,,,,,,,,,,,,,,,,,,,,,,,,,,,,,,
Decline Bench Alternate Knee Raise$,"The alternate decline bench knee raise is a good exercise to hit your lower abs. Grab a decline bench and set the angle to around 30 to 45 degrees. Lay on the bench backwards, with your head the highest end. Hold onto the pads above your head for stability. With your feet and knees together, point your legs out straight so your body forms a straight plank. Your legs should not be resting on the bench. This is the starting position for the exercise. Execute by slowly pulling your right knee up towards your chest as high as possible. Extend your right leg back to the starting position and repeat with the left leg. This is one rep. Repeat for desired reps.$",,,,,,,,,,,,,,,,,,,,,,,,,,,,,,,,,,,,,,,,,,,,,,,,,,,,,
Exercise Ball Leg Tuck$,"The exercise ball leg tuck hits the lower abs. Grab a exercise ball and set it down on the floor. About a body length in front of the ball, position yourself with your palms on the floor as if you were going to do a push up. Point your toes and put your lower legs across the top of the exercise ball. Straighten your body. This is the starting position. Keeping your body dead straight, pull your knees up towards your chest. Extend your legs back to starting position. Repeat for desired reps. $",,,,,,,,,,,,,,,,,,,,,,,,,,,,,,,,,,,,,,,,,,,,,,,,,,,,,
Exercise Ball Dead Bug$,Setup in a supine position with your legs in a 90/90 position (90 degree bend at the hips and knees) and your arms reaching towards the ceiling while pushing a physioball into your knees. Extend the opposite arm and leg simultaneously as you exhale and press into the physioball with the non working arm and leg to stabilize the ball. Return back to the starting position and repeat on the opposite side. Repeat for the desired number of total repetitions. $,,,,,,,,,,,,,,,,,,,,,,,,,,,,,,,,,,,,,,,,,,,,,,,,,,,,,
Half Kneeling Push-Pull$,Attach a handle to a cable stack on both sides and position at chest height.  Assume a half kneeling position with your knee underneath your hip and ensure you maintain a neutral spine with the ribs down.Position yourself so that one arm is extended and the other is flexed close to your chest ready to press horizontally.Exhale and press one handle to extension while simultaneously rowing the other handle and limiting rotation of your hips.Slowly lower back to the starting position and repeat in the opposite direction for the desired number of repetitions.$,,,,,,,,,,,,,,,,,,,,,,,,,,,,,,,,,,,,,,,,,,,,,,,,,,,,,
Cable Hip Abduction$,"Set up for the cable hip abduction by attaching an ankle strap (if one is not available, a single handle may suffice) to the low pulley of a cable pulley machine and set your desired weight on the stack. Attach the ankle strap to your left ankle and stand up straight with your feet close together with your right foot closest to the machine. You can use your right arm to hold onto the machine for stability. You are now in the staring position. Begin the movement by lifting your left leg straight out to your side as high as comfortably possible. This will lift the weight from the stack. Pause for a moment and then slowly lower your leg back to the starting position. Repeat for the desired amount of reps. Turn around, attach the the strap to your right ankle and then repeat with your right leg.$",,,,,,,,,,,,,,,,,,,,,,,,,,,,,,,,,,,,,,,,,,,,,,,,,,,,,
Hip Abduction Machine$,"Setup in an upright position with your back against the pad and your spine neutral. Exhale and push the legs apart as you open the pads. Once your hips are fully externally rotated, slowly return to the starting position. Repeat for the desired number of repetitions.$",,,,,,,,,,,,,,,,,,,,,,,,,,,,,,,,,,,,,,,,,,,,,,,,,,,,,
Hip Adduction Machine $,"Setup in an upright position with your back against the pad and your spine neutral.Exhale and push the legs apart as you open the pads.Once your hips are fully externally rotated, slowly return to the starting position.Repeat for the desired number of repetitions.  $",,,,,,,,,,,,,,,,,,,,,,,,,,,,,,,,,,,,,,,,,,,,,,,,,,,,,
Hip Adduction Machine$,"Setup in an upright position with your back against the pad and your spine neutral.Exhale and pull the legs together as you squeeze the pads inward.Once the pads touch, slowly return to the starting position.Repeat for the desired number of repetitions.$",,,,,,,,,,,,,,,,,,,,,,,,,,,,,,,,,,,,,,,,,,,,,,,,,,,,,
Alternating Lateral Lunge with Overhead Reach$,"Stand in an upright position with your feet together and arms at your sides.Step laterally and sit back into your hip while you extend your opposite leg.Once at the bottom of the lateral lunge, keep your arms straight and raise them into shoulder flexion.After you reach overhead, lower the arms and push back to your starting position.Repeat for the desired number of repetitions on both sides.$",,,,,,,,,,,,,,,,,,,,,,,,,,,,,,,,,,,,,,,,,,,,,,,,,,,,,
Deep Squat Prying$,"In a standing position with a shoulder width stance, hold a kettlebell at chest height using both hands.Squat down by breaking at the hips and knees simultaneously. Sit as deep as comfortably possible.Rock from side to side while flexing the ankles and pushing the knees out with the elbows to open up the hips.Repeat for the desired number of repetitions or time.$",,,,,,,,,,,,,,,,,,,,,,,,,,,,,,,,,,,,,,,,,,,,,,,,,,,,,
Cable Hip Adduction$,"Set up for the cable hip adduction by attaching an ankle strap (if one is not available, a single handle may suffice) to the low pulley of a cable pulley machine and set your desired weight on the stack.Attach the ankle strap to your left ankle and stand up straight with your feet close together with your left foot closest to the machine.  You can use your left arm to hold onto the machine for stability. You are now in the staring position.Begin the movement by lifting your left foot off the floor to take the weight off the rack.Keep your leg as straight as possible and begin slowly moving it across your body until your ankle passes your standing leg.Pause for a moment and then slowly reverse the movement and bring your leg back to the starting position.  Repeat for the desired amount of reps.  Turn around, attach the the strap to your right ankle and then repeat with your right leg.$",,,,,,,,,,,,,,,,,,,,,,,,,,,,,,,,,,,,,,,,,,,,,,,,,,,,,
Adductor Foam Rolling $,"In a prone position, place one leg straight and another at 90 degrees out to the side. Position the foam roller directly underneath the 90 degree leg on the inner thigh.Support your upper body using your forearms and adjust pressure into the roller by applying more or less force through the forearms and foot.Slowly roll up and down the length of the adductor (groin) for 20-30 seconds.Repeat on the other side.$",,,,,,,,,,,,,,,,,,,,,,,,,,,,,,,,,,,,,,,,,,,,,,,,,,,,,
Lateral Kneeling Adductor Mobilization$,"In an quadruped position, ensure the toes are tucked and the hands are directly underneath the shoulders.Straighten one leg to the side and keep the foot flat on the floor.Exhale and push your hands into the floor to direct your hips backwards to increase the stretch on your groin.Once you run out of range of motion in your adductor, rock back to the starting position and repeat for the assigned number of repetitions on both sides.$",,,,,,,,,,,,,,,,,,,,,,,,,,,,,,,,,,,,,,,,,,,,,,,,,,,,,
Rocking Frog Stretch$,"In a quadruped position, ensure the hands are underneath the shoulders, the knees are underneath the hips, and the toes are tucked.Spread the knees wide until you feel a stretch within your groin. From here, push your hands into the ground to drive your hips back and keep your chest upright.Push back until your hips run out of range of motion and then return to the starting position.Repeat for the desired number of repetitions.$",,,,,,,,,,,,,,,,,,,,,,,,,,,,,,,,,,,,,,,,,,,,,,,,,,,,,
Seated Dumbbell Curl $,"Set up for the seated dumbbell curl by grabbing a flat bench or adjustable bench and placing a set of dumbbells at one end. If you're using an adjustable bench, adjust the back to a 90 degree angle.Sit on the end of the bench with your feet out in front of you and your knees together.Pick the dumbbells up off the floor and let them hang by your sides with your palms facing up.Bend the arms slightly to take up the tension in the biceps. This is the starting position for the exercise.Keeping your back straight and your elbows tucked in at your sides, slowly curl both dumbbells up as far as possible.Squeeze the biceps hard, and then slowly lower the weight back to the starting position.Squeeze the biceps hard, and then slowly lower the weight back to the starting position.$",,,,,,,,,,,,,,,,,,,,,,,,,,,,,,,,,,,,,,,,,,,,,,,,,,,,,
Standing High Pulley Cable Curl$,"For the standing high pulley cable curl you'll need a cable machine with two high pulley cable attachments. Set up by attaching a single grip handle to each of the high pulley cables and selecting the weight you want to use on the stack.Grip each of the cables with an underhand grip (palms facing up) and stand in the center with your arms outstretched. This is the starting position.Keeping your upper arms and body fixed, curl the handles in towards your body as far as possible.Pause, and then slowly lower the weight back to the starting position.Repeat for desired reps.$",,,,,,,,,,,,,,,,,,,,,,,,,,,,,,,,,,,,,,,,,,,,,,,,,,,,,
Incline Bench Dumbbell Curl$,"The incline bench dumbbell curl is a good exercise to totally isolate the bicep muscle. Set an adjustable bench to an angle of around 45 degrees.Grab a dumbbell and position yourself at the highest end of the bench.Rest the back of your upper arm on the bench padding and allow your arm to fully extend until the dumbbell is almost touching the bench.You should be holding the dumbbell using an underhand grip, palm facing up.Use your other arm for support by holding the bench.Tense your bicep and slowly curl it up as far as possible.Squeeze the muscle, and then slowly lower back to the starting position.Repeat for desired reps, and then repeat for the other arm.$",,,,,,,,,,,,,,,,,,,,,,,,,,,,,,,,,,,,,,,,,,,,,,,,,,,,,
Bicep Curl Sled Drag $,"Load the desired weight onto the sled and attach a set of handles with a nylon strap.Grasp the handles with the arms extended and elbows locked out.Lean away from the sled to establish some resting tension on the strap, then contract the biceps and flex the elbow to drag the sled forward.Walk forward a few steps to reestablish tension and repeat step #3.Repeat until you reach the desired number of repetitions, distance, or time.$",,,,,,,,,,,,,,,,,,,,,,,,,,,,,,,,,,,,,,,,,,,,,,,,,,,,,
Seated Barbell Curl$,"Set up for the seated barbell curl by getting a flat bench, selecting a barbell or EZ bar, and placing it at one end of the bench.Grasp the barbell and sit down on the bench. Place the barbell on your thighs.Your back should be straight, shoulders back and knees and feet together.Grasp the barbell at around shoulder with apart using an underhand grip.Keeping your elbows locked in at your sides, lift the barbell off your thighs slightly. This is the starting position for the exercise.Bending at the elbows only, slowly curl the weight up as far as possible.$",,,,,,,,,,,,,,,,,,,,,,,,,,,,,,,,,,,,,,,,,,,,,,,,,,,,,"Squeeze the biceps, and then slowly lower the weight back to the starting position.Do not let the weight touch your thighs, and then repeat."
Lying Cable Curl (floor) $,"The lying cable curl is a good exercise for isolating the biceps. Set up for the exercise by attaching a straight bar to a low pulley cable and selecting the weight you want to use.Sit on the floor in front of the cable machine with your feet resting against it.Grip the bar with an underhand grip (palms facing up) at around shoulder width and lay back on the floor. Your body should be flat on the floor.Keeping your upper arms on the floor, slowly curl the bar up as far as possible.Squeeze the biceps, and then slowly lower the bar back to the starting position.Repeat for desired reps.$",,,,,,,,,,,,,,,,,,,,,,,,,,,,,,,,,,,,,,,,,,,,,,,,,,,,,
Alternate Standing Hammer Curl$,"The alternate hammer curl is a great exercise for the biceps and the forearms. Set up by grasping a set of dumbbells and standing straight up with the dumbbells by your sides.You should be using a neutral grip, meaning your palms are facing your body.Bend your arms slightly to keep the tension on the biceps.$",,,,,,,,,,,,,,,,,,,,,,,,,,,,,,"Keeping your body fixed and elbows in at your sides, slowly curl up the dumbbell of your weakest arm (for most people this is their left arm).Squeeze the bicep at the top of the movement, and then slowly lower the weight back to the starting position.Repeat the same movement for the other arm. This is one rep. Now repeat to complete the set!",,,,,,,,,,,,,,,,,,,,,,,
Seated Hammer Curl$,"Set up for the seated hammer curl by grabbing a flat bench or adjustable bench and placing a set of dumbbells at one end. If you're using an adjustable bench, adjust the back to a 90 degree angle.Sit on the end of the bench with your feet out in front of you and your knees together.Pick the dumbbells up off the floor and let them hang by your sides with your palms facing your body (neutral grip).Bend the arms slightly to take up the tension into the biceps. This is the starting position for the exercise.Keeping your back straight and your elbows tucked in at your sides, slowly curl up the dumbbells up as far as possible.Squeeze the biceps hard, and then slowly lower the dumbbells back to the starting position.Repeat for desired reps.$",,,,,,,,,,,,,,,,,,,,,,,,,,,,,,,,,,,,,,,,,,,,,,,,,,,,,
Exercise Ball Dumbbell Curl$,"The exercise ball dumbbell curl hits the biceps as well as using the core muscles for stability. Grab a pair of dumbbells and sit on an exercise ball.Using an underhand grip and keeping your elbows in at your sides, slowly curl the dumbbells up as far as possible.Pause, and then slowly lower the dumbbells back to the starting position.$",,,,,,,,,,,,,,,,,,,,,,,,,,,,,,,,,,,,,,,,,,,,,,,,,,,,,
Incline Bench Hammer Curl$,"The incline bench dumbbell hammer curl is a good exercise to totally isolate the bicep muscle while also hitting the forearms. Set an adjustable bench to an angle of around 45 degrees.Grab a dumbbell and position yourself at the highest end of the bench.Rest the back of your upper arm on the bench padding and allow your arm to fully extend until the dumbbell is almost touching the bench.You should be holding the dumbbell using a neutral grip, thumb facing towards you.Use your other arm for support by holding the bench.Tense your bicep and slowly curl it up as far as possible.Squeeze the muscle, and then slowly lower the weight back to the starting position.Repeat for desired reps, and then repeat for the other arm.$",,,,,,,,,,,,,,,,,,,,,,,,,,,,,,,,,,,,,,,,,,,,,,,,,,,,,
Standing Barbell Curl $,"The standing barbell curl is the cornerstone of many bicep building routines. Grasp a barbell or Olympic bar at around shoulder width apart using an underhand grip (palms facing up).Stand straight up, feet together (you may be more comfortable putting one foot back for stability), back straight, and with your arms fully extended.The bar should not be touching your body.Keeping your eyes facing forwards, elbows tucked in at your sides, and your body completely still, slowly curl the bar up.Squeeze your biceps hard at the top of the movement, and then slowly lower it back to the starting position.Repeat for desired reps.$",,,,,,,,,,,,,,,,,,,,,,,,,,,,,,,,,,,,,,,,,,,,,,,,,,,,,
Spider Curl $,"The spider curl uses the conventional preacher bench, but in an unconventional way! When you do a spider curl the padding that is usually used to support your upper arms is used to support your stomach.To set up for the spider curl you need to either turn the arm padding around 180 degrees, or position yourself at the front of the bench facing the seat.Grab a barbell and hold it with an underhand grip around shoulder width apart.Position yourself with your stomach on the padding and arms hanging off the high side.Keep your eyes facing forward and slowly curl the weight up as far as possible.Squeeze the biceps, pause, and then slowly lower the weight back to the bottom.Repeat for desired reps.$",,,,,,,,,,,,,,,,,,,,,,,,,,,,,,,,,,,,,,,,,,,,,,,,,,,,,
Hammer Curl Across The Body AKA Pinwheel Curls$,"Set up for the across body hammer curl by grasping a pair of dumbbells and standing straight up holding them at your sides.You should be using a neutral grip (palms facing the body) and the dumbbells should not be resting on your body.Take up the tension by slightly bending your arms. This is the starting position for the exercise.Starting with your weakest arm (usually the left), slowly curl the dumbbell up across the front of your body as shown in the video demonstration.Squeeze the bicep at the top of the movement, and then slowly lower the weight back to the starting position.Repeat this movement for your other arm.This is one rep, now repeat to complete your set!$",,,,,,,,,,,,,,,,,,,,,,,,,,,,,,,,,,,,,,,,,,,,,,,,,,,,,
Rope Cable Preacher Curl$,"Set up for the cable preacher curl by grabbing a preacher bench and placing it in front of a low pulley cable machine. There should be about a 1-2 ft gap.Attach a rope extension to the low pulley cable and select the weight you want to use on the stack.Sit on the bench with your upper arms on the pads and grasp the bar with a neutral grip (thumbs facing your body) at about shoulder width apart.Bend the arms slightly to take tension into the biceps. This is the starting position.Slowly curl the bar up as far as possible, squeeze the biceps at the top and slowly lower the weight back to the starting position.Repeat for desired reps.$",,,,,,,,,,,,,,,,,,,,,,,,,,,,,,,,,,,,,,,,,,,,,,,,,,,,,
Twisting Standing Dumbbell Curl$,"Grasp a pair of dumbbells and stand straight up holding the dumbbells by your side.Your arms should be slightly bent and your palms facing in towards your body (thumbs forward).Before starting the movement, curl the weight up slowly to put the tension on your biceps.Starting with your weakest arm (usually your left), curl the dumbbell up.As you curl up rotate the dumbbell from a neutral position (palms facing in) to an underhand position (palms facing up).Squeeze your bicep at the top of the movement, and then slowly lower the weight back down without letting it touch your body.Repeat on the other arm.That's 1 rep. Now repeat for desired reps!$",,,,,,,,,,,,,,,,,,,,,,,,,,,,,,,,,,,,,,,,,,,,,,,,,,,,,
Toes In Standing Machine Calf Raise$,Adjust the shoulder pad corresponding to your height.Step underneath the pad and place the balls of your feet on the platform with your toes pointed in - your heels will naturally hang off.Extend the hips and knees in order to raise the shoulder pad.Lower the heels by dorsiflexing the ankles until the calves are fully stretched.Extend the ankles and exhale as you flex the calves.Repeat for the assigned number of repetitions.$,,,,,,,,,,,,,,,,,,,,,,,,,,,,,,,,,,,,,,,,,,,,,,,,,,,,,
Standing One-Leg Calf Raise With Dumbbell$,"Set up by grasping a dumbbell in your right hand and standing on the edge of a calf raise block or step with the balls of your feet on the edge.Take your right leg and hook it behind your left.Let your left heel drop as far as possible. This is the starting position.Keeping your body straight and eyes facing forwards, raise your left heel up as far as possible.Pause and squeeze the calf muscle, and then slowly lower your heel back down as far as possible.Repeat for desired reps, and then repeat on the right leg.$",,,,,,,,,,,,,,,,,,,,,,,,,,,,,,,,,,,,,,,,,,,,,,,,,,,,,
Smith Machine Calf Raise$,"Set the bar on the smith machine to around shoulder height and rack up the weight you want to use.Grab a step, calf block, or weight plate and put it below the bar.Step up on the block and position the balls of your feet on the edge.Grasp the smith bar with a wide grip and position it across the top of your back muscles (not across the back of your neck).Push up to take the weight off the rack and slowly let your heels drop down as far as possible. This is the starting position.Slowly raise your heels as far as you can off the floor.Squeeze the calf muscles, and then slowly lower your heels back to the starting position.Repeat for desired reps.$",,,,,,,,,,,,,,,,,,,,,,,,,,,,,,,,,,,,,,,,,,,,,,,,,,,,,
Skipping Jump Rope$,"Grasp a jump rope with the handles at your sides and the rope behind your heels.Rotate the wrists to generate velocity and help the rope revolve around the body.As the rope moves toward your feet, hop with one foot to allow it to pass underneath.Once the rope has passed underneath, you’ll hop again with the same foot before hopping the rope with opposite foot on the next pass.Repeat steps 4 & 5 for the desired number of repetitions or time.$",,,,,,,,,,,,,,,,,,,,,,,,,,,,,,,,,,,,,,,,,,,,,,,,,,,,,
Bodyweight Floor Calf Raise$,"Stand with your feet around shoulder width apart close to something you can hold onto for balance (if needed).Take your heels slightly off the floor. This is the starting position for the exercise.Slowly raise your heels up as far as possible.Pause and squeeze the calves, and then lower yourself back down to the starting position.Don't let your heels rest on the floor! Repeat for desired reps.$",,,,,,,,,,,,,,,,,,,,,,,,,,,,,,,,,,,,,,,,,,,,,,,,,,,,,
Posterior Calf Lacrosse Ball $,"In a seated position, place the lacrosse ball directly underneath your calf between your knee and foot.Support yourself using your hands and free leg. Adjust pressure into the roller by applying more or less force through the forearms and knee.Slowly roll up and down the length of the hamstring while slightly rotating the leg periodically for 20-30 seconds.Repeat on the other side.$",,,,,,,,,,,,,,,,,,,,,,,,,,,,,,,,,,,,,,,,,,,,,,,,,,,,,
Toes Out Standing Calf Raise$,Adjust the shoulder pad corresponding to your height.Step underneath the pad and place the balls of your feet on the platform with your toes pointed out - your heels will naturally hang off.Extend the hips and knees in order to raise the shoulder pad.Lower the heels by dorsiflexing the ankles until the calves are fully stretched.Extend the ankles and exhale as you flex the calves.Repeat for the assigned number of repetitions.$,,,,,,,,,,,,,,,,,,,,,,,,,,,,,,,,,,,,,,,,,,,,,,,,,,,,,
Seated Dumbbell Calf Raise $,"Set up by placing a step or block at the end of a flat bench.Next, grasp a pair of dumbbells and sit on the end of the bench.Put the balls of your feet on the edge of the step/block and rest the ends of the dumbbells on your thighs close to your knees.Let your heels drop as far as possible without hitting the floor. This is the starting position.Slowly raise your heels off the floor as far as possible.Squeeze the calves and pause, and then slowly lower your heels back to the starting position.Repeat for desired reps.$",,,,,,,,,,,,,,,,,,,,,,,,,,,,,,,,,,,,,,,,,,,,,,,,,,,,,
Rocking Standing Calf Raise$,"Grasp a barbell at a wider than shoulder width and place it across the muscles on the top of your back. Don't rest it on the back of the neck!Stand up with your body straight, abs tightened and eyes facing forward.Slowly raise your heels off the floor as far as possible.Pause, and then lower your heels back to the floor.Once your heels hit the floor pull your toes up as far as possible.Pause, and then repeat the whole movement for as many reps as you can.$",,,,,,,,,,,,,,,,,,,,,,,,,,,,,,,,,,,,,,,,,,,,,,,,,,,,,
Jump Rope $,"Grasp a jump rope with the handles at your sides and the rope behind your heels.Rotate the wrists to generate velocity and help the rope revolve around the body.As the rope moves toward your feet, jump with both feet to allow it to pass underneath.Repeat for the desired number of repetitions or time.$",,,,,,,,,,,,,,,,,,,,,,,,,,,,,,,,,,,,,,,,,,,,,,,,,,,,,
One-Leg Smith Machine Seated Calf Raise$,"Set up for the one-leg smith machine seated calf raise by placing a flat bench in the smith machine and putting a step or calf Block under the bar.Lower the bar and add the weight you want to use.Sit on the end of the bench with your feet and knees together and place your left foot on the block with the balls of your feet on the edge.Take the bar off the rack and rest it on your left thigh.Allow your heel to drop as far as possible without touching the floor. This is the exerting position.Execute the movement by raising your heel up as far as possible.Squeeze the calf muscle, and then slowly lower your heel back to the starting position.Repeat for desired reps, and then repeat on the right leg.$",,,,,,,,,,,,,,,,,,,,,,,,,,,,,,,,,,,,,,,,,,,,,,,,,,,,,
Peroneal Tiger Tail$,"While in a seated position, position the tiger tail on the lateral aspect of the calf with one hand on either handle.Adjust pressure into calf by applying more or less force through the hands.Slowly roll up and down the length of the side of your calf for 20-30 seconds.Repeat on the other side.$",,,,,,,,,,,,,,,,,,,,,,,,,,,,,,,,,,,,,,,,,,,,,,,,,,,,,
45-Degree Toe Raise$,"Load the weight you want to use on a 45-degree leg press machine and sit down in the seat.Position your feet on the top half of the foot plate at around hip with apart.Push up slightly and unload the weight from the safety using the handles at your sides.Keeping your legs fixed, slowly pull your toes back towards your body as far as you can.Hold this position, and then lower the toes back down until they're almost resting on the plate.Repeat movement for desired reps.$",,,,,,,,,,,,,,,,,,,,,,,,,,,,,,,,,,,,,,,,,,,,,,,,,,,,,
Standing Barbell Calf Raise$,"Set up for the standing barbell calf raise by getting a block or step and placing it in front of you.Set up for the standing barbell calf raise by getting a block or step and placing it in front of you.Stand up on the block with the balls of your feet on the edge.Keeping your balance, raise your heels off the floor.Squeeze the calves, and then slowly lower your heals back down as far as possible without letting them touch the floor.Repeat for desired reps.$",,,,,,,,,,,,,,,,,,,,,,,,,,,,,,,,,,,,,,,,,,,,,,,,,,,,,
Double Jump Jump Rope$,"Grasp a jump rope with the handles at your sides and the rope behind your heels.Rotate the wrists to generate velocity and help the rope revolve around the body.As the rope moves toward your feet, jump twice with both feet to allow it to pass underneath.Repeat for the desired number of repetitions or time.$",,,,,,,,,,,,,,,,,,,,,,,,,,,,,,,,,,,,,,,,,,,,,,,,,,,,,
Barbell Bench Press$,"Lie flat on a bench and set your hands just outside of shoulder width.Set your shoulder blades by pinching them together and driving them into the bench.Take a deep breath and allow your spotter to help you with the lift off in order to maintain tightness through your upper back.Let the weight settle and ensure your upper back remains tight after lift off.Inhale and allow the bar to descend slowly by unlocking the elbows.Lower the bar in a straight line to the base of the sternum (breastbone) and touch the chest.Push the bar back up in a straight line by pressing yourself into the bench, driving your feet into the floor for leg drive, and extending the elbows.Repeat for the desired number of repetitions.$",,,,,,,,,,,,,,,,,,,,,,,,,,,,,,,,,,,,,,,,,,,,,,,,,,,,,
Straight Bar Dip$,Step up on a straight bar dip station (if possible) and position your hands with a pronated grip (thumbs facing).Initiate the dip by unlocking the elbows and slowly lowering the body until the forearms are almost parallel with the floor.Control the descent to parallel and then drive back to the starting position by pushing through the palms.Repeat for the desired number of repetitions$,,,,,,,,,,,,,,,,,,,,,,,,,,,,,,,,,,,,,,,,,,,,,,,,,,,,,
Pec Dec $,"The pec dec is an awesome machine for targeting the pectorals, but you need to use strict technique and focus on stretch and contraction to get the most out of it. Don't let the stack drop during the set. Don't touch the pads or handles in the center, and keep your body fixed.Don't bring your torso forward as you squeeze the weight up.Pause at the top of the exercise (pads in) for a count of 1-3, squeezing the chest for maximum intensity.Your upper arms or elbows should be positioned parallel to the floor.$",,,,,,,,,,,,,,,,,,,,,,,,,,,,,,,,,,,,,,,,,,,,,,,,,,,,,
Plyometric Clapping Push Up$,"Assume a quadruped position on the floor with your hands under your shoulders, toes tucked, and knees under hips.Extend one leg at a time and assume a push up position with the legs straight, elbows extended, and head in a neutral position looking at the floor.Slowly descend to the floor by retracting the shoulder blades and unlocking the elbows.Descend until the upper arms are parallel or your chest touches the floor.Push back forcefully to the starting point by dynamically extending the elbows and driving your palms into the floor. When the hands leave the floor, quickly bring them together and clap before returning them to the starting position..Repeat for the desired number of repetitions.$",,,,,,,,,,,,,,,,,,,,,,,,,,,,,,,,,,,,,,,,,,,,,,,,,,,,,
Plyometric Push Up $,"Assume a quadruped position on the floor with your hands under your shoulders, toes tucked, and knees under hips.Extend one leg at a time and assume a pushup position with the legs straight, elbows extended, and head in a neutral position looking at the floor.Slowly descend to the floor by retracting the shoulder blades and unlocking the elbows.Descend until the upper arms are parallel or your chest touches the floor.Push back forcefully to the starting point by dynamically extending the elbows and driving your palms into the floor. Your goal is to make your hands lose contact with the floor.Repeat for the desired number of repetitions.$",,,,,,,,,,,,,,,,,,,,,,,,,,,,,,,,,,,,,,,,,,,,,,,,,,,,,
Reverse Dumbbell Bench Press$,"The reverse grip is the same as the dumbbell bench press except you use a reverse grip. Set up for the exercise by grasping a set of dumbbells and sitting on the end of a flat bench with the ends of the dumbbells resting on your knees.Slowly lay back on the bench and push the dumbbells straight up above your chest.Twist the dumbbells so that your palms are facing your shoulders. This is the starting position for the exercise.Slowly lower the dumbbells down keeping your palms in line with your middle chest.When the handles get to around chest height, pause and raise the dumbbells back to the starting position.Repeat movement for desired reps$",,,,,,,,,,,,,,,,,,,,,,,,,,,,,,,,,,,,,,,,,,,,,,,,,,,,,
1 Board Bench Press $,"Lie flat on a bench and set your hands just outside of shoulder width.Set your shoulder blades by pinching them together and driving them into the bench.Take a deep breath and allow your spotter to help you with the lift off to maintain tightness through your upper back.Let the weight settle and ensure your upper back remains tight after lift off.Inhale and allow the bar to descend slowly by unlocking the elbows.Lower the bar in a straight line until it touches a single board that is being held to your chest by a spotter.Push the bar back up in a straight line by pressing yourself into the bench, driving your feet into the floor for leg drive, and extending the elbows.Repeat for the desired number of repetitions.$",,,,,,,,,,,,,,,,,,,,,,,,,,,,,,,,,,,,,,,,,,,,,,,,,,,,,
Incline Push Ups$,"Assume a tall kneeling position with your hands on a bench, toes tucked, and knees under hips.Extend one leg at a time and assume a pushup position with the legs straight, elbows extended,and head in a neutral position looking at the floor.Slowly descend to the floor by retracting the shoulder blades and unlocking the elbows.Descend until your chest touches the bench.Push back to the starting point by extending the elbows and driving your palms into the floor.Repeat for the desired number of repetitions.$",,,,,,,,,,,,,,,,,,,,,,,,,,,,,,,,,,,,,,,,,,,,,,,,,,,,,
Wall Push Up$,Assume a standing position against a wall. Take a few steps away from the wall and lean in with your body at a 45 degree angle.Keep the elbows locked out and ensure your body is in a straight line from head to heels.Inhale and brace your core. Slowly descend by retracting the shoulder blades and unlocking the elbows.Descend until the upper arms are parallel or your chest touches the wall.Push back to the starting point by extending the elbows and driving your palms into the wall.Repeat for the desired number of repetitions.$,,,,,,,,,,,,,,,,,,,,,,,,,,,,,,,,,,,,,,,,,,,,,,,,,,,,,
Cable Chest Press $,Set both pulleys slightly above shoulder height and select the desired weight.Grasp both handles with a slightly pronated grip and take a step forward to split the stance.Press the handles slightly down to lockout while flexing the pecs and extending the elbows.Slowly lower back to the starting position and repeat for the desired number of repetitions.$,,,,,,,,,,,,,,,,,,,,,,,,,,,,,,,,,,,,,,,,,,,,,,,,,,,,,
Tall Kneeling Medicine Ball Chest Pass$,"Setup in a tall kneeling position while holding a medicine ball at your chest with a soft bend in your knees.Exhale, press the arms to extension, and aggressively launch the med ball into the wall directly in front of you.Catch the med ball as it returns from the wall and repeat step #2 for the desired number of repetitions.$",,,,,,,,,,,,,,,,,,,,,,,,,,,,,,,,,,,,,,,,,,,,,,,,,,,,,
Dumbbell Bench Press Rotational Grip$,"Pick up the dumbbells off the floor using a neutral grip (palms facing in). Position the ends of the dumbbells in your hip crease, and sit down on the bench.To get into position, lay back and keep the weights close to your chest. Once you are in position, take a deep breath, and press the dumbbells to lockout at the top.Slowly lower the dumbbells under control as far as comfortably possible (the handles should be about level with your chest) while rotating the wrists to a neutral position at the bottom (palms facing each other).Contract the chest and push the dumbbells back up to the starting position while rotating the wrists back to a pronated position (palms facing toes).Repeat for the desired number of repetitions.$",,,,,,,,,,,,,,,,,,,,,,,,,,,,,,,,,,,,,,,,,,,,,,,,,,,,,
Neutral Grip Decline Dumbbell Bench Press$,"Pick up the dumbbells off the floor using a neutral grip (palms facing in). Position the ends of the dumbbells in your hip crease, and sit down on the edge of an decline bench.To get into position, lay back and keep the weights close to your chest. Once you are in position, take a deep breath, and press the dumbbells to lockout at the top with a neutral grip.Slowly lower the dumbbells under control as far as comfortably possible (the handles should be about level with your chest).Contract the chest and push the dumbbells back up to the starting position while maintaining a neutral grip throughout the duration of the exercise.Repeat for the desired number of repetitions.$",,,,,,,,,,,,,,,,,,,,,,,,,,,,,,,,,,,,,,,,,,,,,,,,,,,,,
Kettlebell Push Up $,"Assume a quadruped position on the floor with your hands on kettlebells, toes tucked, and knees under hips.Extend one leg at a time and assume an extra wide stance. Keep the elbows extended and head in a neutral position looking at the floor.Slowly descend to the floor by retracting the shoulder blade and unlocking the elbow.Descend until the upper arm is parallel or your chest reaches slightly below the kettlebells.Push back to the starting point by extending the elbow and driving your palm into the kettlebells.Repeat for the desired number of repetitions on both sides.$",,,,,,,,,,,,,,,,,,,,,,,,,,,,,,,,,,,,,,,,,,,,,,,,,,,,,
Decline Cable Flys$,"Set both pulleys as low as possible, position a decline bench in the cable station, and select the desired weight.Sit on the end of the flat bench and grasp one handle at a time. Lay back and get into position while holding the handles at chest height.Press the handles to lockout while flexing the pecs and extending the elbows.Keep a slight bend in the elbows, move entirely at the shoulder joint, and slowly allow the arms to open while the pecs stretch.Return to the starting position by flexing your pecs and bringing the handles together at chest height.Slowly lower back to the starting position and repeat for the desired number of repetitions.$",,,,,,,,,,,,,,,,,,,,,,,,,,,,,,,,,,,,,,,,,,,,,,,,,,,,,
Reverse Grip Preacher Curl$,"Set up for the reverse grip preacher curl by adjusting the seat height of the preacher bench so that the back of your upper arms rest flat on the pads.Load up a barbell with the weight desired and sit on the bench.Grasp the bar with an overhand grip (palms facing down). Keeping your arms fixed, and only bending at the elbows, curl the weight until your forearms are at 90 degrees to the floor.Do not pause, and slowly lower the weight back to the starting position.Repeat for desired reps.$",,,,,,,,,,,,,,,,,,,,,,,,,,,,,,,,,,,,,,,,,,,,,,,,,,,,,
Weight Plate Pinches$,"The weight plate pinch is a simple way to build real strength in your forearms. To complete this exercise grasp a weight plate (or two if you can) between your two index fingers and your thumb.Stand up straight and hold the weight plate with your fingers as long as possible.If you can hold it longer than 30 seconds, use a heavier plate or two small plates together.$",,,,,,,,,,,,,,,,,,,,,,,,,,,,,,,,,,,,,,,,,,,,,,,,,,,,,
Seated Neutral Dumbbell Wrist Curl$,"Grasp a pair of dumbbell using a neutral grip (palms facing in) and sit down on the end of a flat bench.Rest the back of your forearms on the tops of your inner thigh so that your wrists are just off the end of it.Bending only at the wrists, let the dumbbell drop as far as possible. This is the starting position for the exercise.Slowly raise the dumbbells up as far as possible squeezing the forearm muscles at the top of the movement.Pause, and then slowly lower the dumbbell back to the starting position.Repeat for desired reps.$",,,,,,,,,,,,,,,,,,,,,,,,,,,,,,,,,,,,,,,,,,,,,,,,,,,,,
Overhead Barbell Carry$,Set a bar at roughly chest height.Set up facing away from the rack and unrack the bar at shoulder height in a overhead press position.Press the bar to lockout and maintain a stable overhead position..Walk for a designated distance or amount of time.$,,,,,,,,,,,,,,,,,,,,,,,,,,,,,,,,,,,,,,,,,,,,,,,,,,,,,
One Arm Reverse Dumbbell Wrist Curl Over Bench$,"Grasp a dumbbell using a reverse grip (palms facing down) and kneel down in front of a flat bench.Rest the back of your forearm on top of the bench so that the wrist holding the dumbbell is just off the end of it.Bending only at the wrist, let the dumbbell drop as far as possible. You can rest your non-working arm on the bench for stability. This is the starting position for the exercise.Slowly raise the dumbbell up as far as possible squeezing the forearm muscles at the top of the movement.Pause, and then slowly lower the dumbbell back to the starting position.Repeat for desired reps.$",,,,,,,,,,,,,,,,,,,,,,,,,,,,,,,,,,,,,,,,,,,,,,,,,,,,,
Seated Reverse Barbell Wrist Curl$,"Grasp a barbell at shoulder width apart using an overhand grip (palms facing down) and sit down on the end of a flat bench.Rest the back of your forearms on the top of your thighs so that your wrists are just off the end of your knees.Bending only at the wrists, let the barbell drop as far as possible. This is the starting position for the exercise.Slowly raise the bar up as far as possible squeezing the forearm muscles at the top of the movement.Pause, and then slowly lower the barbell back to the starting position.Repeat for desired reps.$",,,,,,,,,,,,,,,,,,,,,,,,,,,,,,,,,,,,,,,,,,,,,,,,,,,,,
Dumbbell Farmers Carry $,"Grasp a dumbbell in each hand using a neutral grip and stand up straight.While maintaining an active shoulder position, hold the dumbbells by your side and walk for a designated distance or amount of time.$",,,,,,,,,,,,,,,,,,,,,,,,,,,,,,,,,,,,,,,,,,,,,,,,,,,,,
Seated Reverse Dumbbell Wrist Curl$,"Grasp a pair of dumbbell using a reverse grip (palms facing down) and sit down on the end of a flat bench.Rest the back of your forearms on the tops of your inner thigh so that your wrists are just off the end of it.Bending only at the wrists, let the dumbbell drop as far as possible. This is the starting position for the exercise.Slowly raise the dumbbells up as far as possible squeezing the forearm muscles at the top of the movement.Pause, and then slowly lower the dumbbell back to the starting position.Repeat for desired reps.$",,,,,,,,,,,,,,,,,,,,,,,,,,,,,,,,,,,,,,,,,,,,,,,,,,,,,
Trap Bar Farmers Carry$,"Set up inside a trap bar with your feet hip width apart and your arms by your side.Hinge forward and grasp the handles using a neutral grip.Stand tall and extend the hips and knees to get into position.While maintaining an active shoulder position, hold the trap bar and walk for a designated distance or amount of time.$",,,,,,,,,,,,,,,,,,,,,,,,,,,,,,,,,,,,,,,,,,,,,,,,,,,,,
Reverse Concentration Curl.$,"Grab the dumbbell you want to use with your left arm and sit on the end of a bench.Position your feet at slightly wider than shoulder width apart.Place the back of your upper left arm on the inside of your left thigh. Put your right hand on your right knee for support. You will use your left thigh as a back rest throughout the movement.Start the exercise with your arm fully extended and slowly curl the dumbbell up as far as possible using a reverse grip (palm facing down).Squeeze your forearm, and then slowly lower the dumbbell back to the starting position.Repeat for desired reps, and then repeat the same for your right arm.$",,,,,,,,,,,,,,,,,,,,,,,,,,,,,,,,,,,,,,,,,,,,,,,,,,,,,
Standing Wrist Curl Behind Back$,"Begin the exercise by selecting a barbell weight and holding it behind your back using an underhand grip (palms facing out). Your hands should be placed around shoulder width apart.Stand straight up with your feet shoulder width apart and look straight forward. Bending only at the wrists, let the barbell drop as far as possible. This is the starting position for the exercise.Slowly raise the barbell up as far as possible squeezing the forearm muscles at the top of the movement. Only your wrists should be moving.Pause, and then slowly lower the barbell back to the starting position.Repeat for desired reps.$",,,,,,,,,,,,,,,,,,,,,,,,,,,,,,,,,,,,,,,,,,,,,,,,,,,,,
Barbell Suitcase Carry$,"Load a barbell and set up perpendicular to the bar.Grasp the bar with a neutral grip and stand up straight.While maintaining an active shoulder position, hold the barbell by your side and walk for a designated distance or amount of time.$",,,,,,,,,,,,,,,,,,,,,,,,,,,,,,,,,,,,,,,,,,,,,,,,,,,,,
Seated Dumbbell Wrist Curl$,"Grasp a pair of dumbbell using a underhand grip (palms facing up) and sit down on the end of a flat bench.Rest the back of your forearms on the tops of your inner thigh so that your wrists are just off the end of it.Bending only at the wrists, let the dumbbell drop as far as possible. This is the starting position for the exercise.Slowly raise the dumbbells up as far as possible squeezing the forearm muscles at the top of the movement.Pause, and then slowly lower the dumbbell back to the starting position.Repeat for desired reps.$",,,,,,,,,,,,,,,,,,,,,,,,,,,,,,,,,,,,,,,,,,,,,,,,,,,,,
